[{
        "nome": "Nome 1",
        "sinopse": "Sinopse 1",
        "genero": "0",
        "trailer": "Trailer 1",
        "critica": "Cr\u00edtica 1",
        "censura": "10"
    }, {
        "nome": "Nome 1",
        "sinopse": "Sinopse 1",
        "genero": "0",
        "trailer": "Trailer 1",
        "critica": "Cr\u00edtica 1",
        "censura": "10"
    }, {
        "nome": "Nome 1",
        "sinopse": "Sinopse 1",
        "genero": "0",
        "trailer": "Trailer 1",
        "critica": "Cr\u00edtica 1",
        "censura": "10"
    },
    {
        "nome": "Teste 1",
        "sinopse": "S",
        "genero": "0",
        "trailer": "T",
        "critica": "C",
        "censura": ""
    }
]